Notebook Rawstring,Automation Script Rawstring,Trino Rawstring
"NEW,,20260423_N500_CLEARPROD_DTI59520000173,MENO,QNTX,20260423T000000,DTI59520000173,YCBD,20260423T041504.373,false,false,,,,A,false,,SS,1.16,2000,,LMT,GTX=20260423,ALL,RSV|DISQ=100|NH,true,4507231893011380508110193269430453798592,I,false,,,false,N,,,,,,,,,,,,,,","NEW,,20260423_N500_CLEARPROD_DTI59520000173,MENO,QNTX,20260423T000000,DTI59520000173,YCBD,20260423T041504.373,false,false,,,,A,false,,SS,1.16,2000,,LMT,GTX=20260423,ALL,RSV|DISQ=100|NH,true,4507231893011380508110193269430453798592,I,false,,,false,N,,,,,,,,,,,,,,","NEW,,20260423_N500_CLEARPROD_DTI59520000173,MENO,QNTX,20260423T000000,DTI59520000173,YCBD,20260423T041504.373,false,false,,,,A,false,,SS,1.16,2000,,LMT,GTX=20260423,ALL,RSV|DISQ=100|NH,true,4507231893011380508110193269430453798592,I,false,,,false,N,,,,,,,,,,,,,,"
"NEW,,20260423_R500_CLEARPROD_DTI59520000173,MEOR,QNTX,20260423T000000,DTI59520000173,YCBD,,20260423T041504.373,false,false,,126588:QNTX,168490:CPEM,F,DTI59520000173,,SS,1.16,2000,,LMT,GTX=20260423,ALL,false,NA,RAR,false,false,,false,,,,,,","NEW,,20260423_R500_CLEARPROD_DTI59520000173,MEOR,QNTX,20260423T000000,DTI59520000173,YCBD,,20260423T041504.373,false,false,,126588:QNTX,168490:CPEM,F,DTI59520000173,,SS,1.16,2000,,LMT,GTX=20260423,ALL,false,NA,RAR,false,false,,false,,,,,,","NEW,,20260423_R500_CLEARPROD_DTI59520000173,MEOR,QNTX,20260423T000000,DTI59520000173,YCBD,,20260423T041504.373,false,false,,126588:QNTX,168490:CPEM,F,DTI59520000173,,SS,1.16,2000,,LMT,GTX=20260423,ALL,false,NA,RAR,false,false,,false,,,,,,"
"NEW,,20260423_N608_CLEARPROD_DTI59520000196,MENO,QNTX,20260423T000000,DTI59520000196,YCBD,20260423T041604.544,false,false,,,,A,false,,SS,1.12,2000,,LMT,GTX=20260423,ALL,RSV|DISQ=100|NH,true,4507231893011380508110193269430453798592,I,false,,,false,N,,,,,,,,,,,,,,","NEW,,20260423_N608_CLEARPROD_DTI59520000196,MENO,QNTX,20260423T000000,DTI59520000196,YCBD,20260423T041604.544,false,false,,,,A,false,,SS,1.12,2000,,LMT,GTX=20260423,ALL,RSV|DISQ=100|NH,true,4507231893011380508110193269430453798592,I,false,,,false,N,,,,,,,,,,,,,,","NEW,,20260423_N608_CLEARPROD_DTI59520000196,MENO,QNTX,20260423T000000,DTI59520000196,YCBD,20260423T041604.544,false,false,,,,A,false,,SS,1.12,2000,,LMT,GTX=20260423,ALL,RSV|DISQ=100|NH,true,4507231893011380508110193269430453798592,I,false,,,false,N,,,,,,,,,,,,,,"
"NEW,,20260423_R608_CLEARPROD_DTI59520000196,MEOR,QNTX,20260423T000000,DTI59520000196,YCBD,,20260423T041604.544,false,false,,126588:QNTX,168490:CPEM,F,DTI59520000196,,SS,1.12,2000,,LMT,GTX=20260423,ALL,false,NA,RAR,false,false,,false,,,,,,","NEW,,20260423_R608_CLEARPROD_DTI59520000196,MEOR,QNTX,20260423T000000,DTI59520000196,YCBD,,20260423T041604.544,false,false,,126588:QNTX,168490:CPEM,F,DTI59520000196,,SS,1.12,2000,,LMT,GTX=20260423,ALL,false,NA,RAR,false,false,,false,,,,,,","NEW,,20260423_R608_CLEARPROD_DTI59520000196,MEOR,QNTX,20260423T000000,DTI59520000196,YCBD,,20260423T041604.544,false,false,,126588:QNTX,168490:CPEM,F,DTI59520000196,,SS,1.12,2000,,LMT,GTX=20260423,ALL,false,NA,RAR,false,false,,false,,,,,,"
"NEW,,20260423_N632_CLEARPROD_DTI59520000206,MENO,QNTX,20260423T000000,DTI59520000206,YCBD,20260423T041704.503,false,false,,,,A,false,,SS,1.12,1950,,LMT,GTX=20260423,ALL,RSV|DISQ=500|NH,true,4507231893011380508110193269430453798592,I,false,,,false,N,,,,,,,,,,,,,,","NEW,,20260423_N632_CLEARPROD_DTI59520000206,MENO,QNTX,20260423T000000,DTI59520000206,YCBD,20260423T041704.503,false,false,,,,A,false,,SS,1.12,1950,,LMT,GTX=20260423,ALL,RSV|DISQ=500|NH,true,4507231893011380508110193269430453798592,I,false,,,false,N,,,,,,,,,,,,,,","NEW,,20260423_N632_CLEARPROD_DTI59520000206,MENO,QNTX,20260423T000000,DTI59520000206,YCBD,20260423T041704.503,false,false,,,,A,false,,SS,1.12,1950,,LMT,GTX=20260423,ALL,RSV|DISQ=500|NH,true,4507231893011380508110193269430453798592,I,false,,,false,N,,,,,,,,,,,,,,"
"NEW,,20260423_R632_CLEARPROD_DTI59520000206,MEOR,QNTX,20260423T000000,DTI59520000206,YCBD,,20260423T041704.503,false,false,,126588:QNTX,168490:CPEM,F,DTI59520000206,,SS,1.12,1950,,LMT,GTX=20260423,ALL,false,NA,RAR,false,false,,false,,,,,,","NEW,,20260423_R632_CLEARPROD_DTI59520000206,MEOR,QNTX,20260423T000000,DTI59520000206,YCBD,,20260423T041704.503,false,false,,126588:QNTX,168490:CPEM,F,DTI59520000206,,SS,1.12,1950,,LMT,GTX=20260423,ALL,false,NA,RAR,false,false,,false,,,,,,","NEW,,20260423_R632_CLEARPROD_DTI59520000206,MEOR,QNTX,20260423T000000,DTI59520000206,YCBD,,20260423T041704.503,false,false,,126588:QNTX,168490:CPEM,F,DTI59520000206,,SS,1.12,1950,,LMT,GTX=20260423,ALL,false,NA,RAR,false,false,,false,,,,,,"
"NEW,,20260423_N673_CLEARPROD_DTI59520000207,MENO,QNTX,20260423T000000,DTI59520000207,YCBD,20260423T041804.505,false,false,,,,A,false,,SS,1.1,1950,,LMT,GTX=20260423,ALL,RSV|DISQ=500|NH,true,4507231893011380508110193269430453798592,I,false,,,false,N,,,,,,,,,,,,,,","NEW,,20260423_N673_CLEARPROD_DTI59520000207,MENO,QNTX,20260423T000000,DTI59520000207,YCBD,20260423T041804.505,false,false,,,,A,false,,SS,1.1,1950,,LMT,GTX=20260423,ALL,RSV|DISQ=500|NH,true,4507231893011380508110193269430453798592,I,false,,,false,N,,,,,,,,,,,,,,","NEW,,20260423_N673_CLEARPROD_DTI59520000207,MENO,QNTX,20260423T000000,DTI59520000207,YCBD,20260423T041804.505,false,false,,,,A,false,,SS,1.1,1950,,LMT,GTX=20260423,ALL,RSV|DISQ=500|NH,true,4507231893011380508110193269430453798592,I,false,,,false,N,,,,,,,,,,,,,,"
"NEW,,20260423_R673_CLEARPROD_DTI59520000207,MEOR,QNTX,20260423T000000,DTI59520000207,YCBD,,20260423T041804.505,false,false,,126588:QNTX,168490:CPEM,F,DTI59520000207,,SS,1.1,1950,,LMT,GTX=20260423,ALL,false,NA,RAR,false,false,,false,,,,,,","NEW,,20260423_R673_CLEARPROD_DTI59520000207,MEOR,QNTX,20260423T000000,DTI59520000207,YCBD,,20260423T041804.505,false,false,,126588:QNTX,168490:CPEM,F,DTI59520000207,,SS,1.1,1950,,LMT,GTX=20260423,ALL,false,NA,RAR,false,false,,false,,,,,,","NEW,,20260423_R673_CLEARPROD_DTI59520000207,MEOR,QNTX,20260423T000000,DTI59520000207,YCBD,,20260423T041804.505,false,false,,126588:QNTX,168490:CPEM,F,DTI59520000207,,SS,1.1,1950,,LMT,GTX=20260423,ALL,false,NA,RAR,false,false,,false,,,,,,"
"NEW,,20260423_N909_CLEARPROD_DTI59520000214,MENO,QNTX,20260423T000000,DTI59520000214,YCBD,20260423T041904.516,false,false,,,,A,false,,SS,1.1,1182,,LMT,GTX=20260423,ALL,RSV|DISQ=500|NH,true,4507231893011380508110193269430453798592,I,false,,,false,N,,,,,,,,,,,,,,","NEW,,20260423_N909_CLEARPROD_DTI59520000214,MENO,QNTX,20260423T000000,DTI59520000214,YCBD,20260423T041904.516,false,false,,,,A,false,,SS,1.1,1182,,LMT,GTX=20260423,ALL,RSV|DISQ=500|NH,true,4507231893011380508110193269430453798592,I,false,,,false,N,,,,,,,,,,,,,,","NEW,,20260423_N909_CLEARPROD_DTI59520000214,MENO,QNTX,20260423T000000,DTI59520000214,YCBD,20260423T041904.516,false,false,,,,A,false,,SS,1.1,1182,,LMT,GTX=20260423,ALL,RSV|DISQ=500|NH,true,4507231893011380508110193269430453798592,I,false,,,false,N,,,,,,,,,,,,,,"
"NEW,,20260423_R909_CLEARPROD_DTI59520000214,MEOR,QNTX,20260423T000000,DTI59520000214,YCBD,,20260423T041904.516,false,false,,126588:QNTX,168490:CPEM,F,DTI59520000214,,SS,1.1,1182,,LMT,GTX=20260423,ALL,false,NA,RAR,false,false,,false,,,,,,","NEW,,20260423_R909_CLEARPROD_DTI59520000214,MEOR,QNTX,20260423T000000,DTI59520000214,YCBD,,20260423T041904.516,false,false,,126588:QNTX,168490:CPEM,F,DTI59520000214,,SS,1.1,1182,,LMT,GTX=20260423,ALL,false,NA,RAR,false,false,,false,,,,,,","NEW,,20260423_R909_CLEARPROD_DTI59520000214,MEOR,QNTX,20260423T000000,DTI59520000214,YCBD,,20260423T041904.516,false,false,,126588:QNTX,168490:CPEM,F,DTI59520000214,,SS,1.1,1182,,LMT,GTX=20260423,ALL,false,NA,RAR,false,false,,false,,,,,,"
"NEW,,20260423_N930_CLEARPROD_DTI59520000226,MENO,QNTX,20260423T000000,DTI59520000226,YCBD,20260423T042004.499,false,false,,,,A,false,,SS,1.08,1182,,LMT,GTX=20260423,ALL,RSV|DISQ=500|NH,true,4507231893011380508110193269430453798592,I,false,,,false,N,,,,,,,,,,,,,,","NEW,,20260423_N930_CLEARPROD_DTI59520000226,MENO,QNTX,20260423T000000,DTI59520000226,YCBD,20260423T042004.499,false,false,,,,A,false,,SS,1.08,1182,,LMT,GTX=20260423,ALL,RSV|DISQ=500|NH,true,4507231893011380508110193269430453798592,I,false,,,false,N,,,,,,,,,,,,,,","NEW,,20260423_N930_CLEARPROD_DTI59520000226,MENO,QNTX,20260423T000000,DTI59520000226,YCBD,20260423T042004.499,false,false,,,,A,false,,SS,1.08,1182,,LMT,GTX=20260423,ALL,RSV|DISQ=500|NH,true,4507231893011380508110193269430453798592,I,false,,,false,N,,,,,,,,,,,,,,"
"NEW,,20260423_R930_CLEARPROD_DTI59520000226,MEOR,QNTX,20260423T000000,DTI59520000226,YCBD,,20260423T042004.499,false,false,,126588:QNTX,168490:CPEM,F,DTI59520000226,,SS,1.08,1182,,LMT,GTX=20260423,ALL,false,NA,RAR,false,false,,false,,,,,,","NEW,,20260423_R930_CLEARPROD_DTI59520000226,MEOR,QNTX,20260423T000000,DTI59520000226,YCBD,,20260423T042004.499,false,false,,126588:QNTX,168490:CPEM,F,DTI59520000226,,SS,1.08,1182,,LMT,GTX=20260423,ALL,false,NA,RAR,false,false,,false,,,,,,","NEW,,20260423_R930_CLEARPROD_DTI59520000226,MEOR,QNTX,20260423T000000,DTI59520000226,YCBD,,20260423T042004.499,false,false,,126588:QNTX,168490:CPEM,F,DTI59520000226,,SS,1.08,1182,,LMT,GTX=20260423,ALL,false,NA,RAR,false,false,,false,,,,,,"
"NEW,,20260423_N962_CLEARPROD_DTI59520000243,MENO,QNTX,20260423T000000,DTI59520000243,YCBD,20260423T042104.506,false,false,,,,A,false,,SS,1.08,1182,,LMT,GTX=20260423,ALL,RSV|DISQ=500|NH,true,4507231893011380508110193269430453798592,I,false,,,false,N,,,,,,,,,,,,,,","NEW,,20260423_N962_CLEARPROD_DTI59520000243,MENO,QNTX,20260423T000000,DTI59520000243,YCBD,20260423T042104.506,false,false,,,,A,false,,SS,1.08,1182,,LMT,GTX=20260423,ALL,RSV|DISQ=500|NH,true,4507231893011380508110193269430453798592,I,false,,,false,N,,,,,,,,,,,,,,","NEW,,20260423_N962_CLEARPROD_DTI59520000243,MENO,QNTX,20260423T000000,DTI59520000243,YCBD,20260423T042104.506,false,false,,,,A,false,,SS,1.08,1182,,LMT,GTX=20260423,ALL,RSV|DISQ=500|NH,true,4507231893011380508110193269430453798592,I,false,,,false,N,,,,,,,,,,,,,,"
"NEW,,20260423_R962_CLEARPROD_DTI59520000243,MEOR,QNTX,20260423T000000,DTI59520000243,YCBD,,20260423T042104.506,false,false,,126588:QNTX,168490:CPEM,F,DTI59520000243,,SS,1.08,1182,,LMT,GTX=20260423,ALL,false,NA,RAR,false,false,,false,,,,,,","NEW,,20260423_R962_CLEARPROD_DTI59520000243,MEOR,QNTX,20260423T000000,DTI59520000243,YCBD,,20260423T042104.506,false,false,,126588:QNTX,168490:CPEM,F,DTI59520000243,,SS,1.08,1182,,LMT,GTX=20260423,ALL,false,NA,RAR,false,false,,false,,,,,,","NEW,,20260423_R962_CLEARPROD_DTI59520000243,MEOR,QNTX,20260423T000000,DTI59520000243,YCBD,,20260423T042104.506,false,false,,126588:QNTX,168490:CPEM,F,DTI59520000243,,SS,1.08,1182,,LMT,GTX=20260423,ALL,false,NA,RAR,false,false,,false,,,,,,"
"NEW,,20260423_N970_CLEARPROD_DTI59520000244,MENO,QNTX,20260423T000000,DTI59520000244,YCBD,20260423T042204.504,false,false,,,,A,false,,SS,1.08,1182,,LMT,GTX=20260423,ALL,RSV|DISQ=500|NH,true,4507231893011380508110193269430453798592,I,false,,,false,N,,,,,,,,,,,,,,","NEW,,20260423_N970_CLEARPROD_DTI59520000244,MENO,QNTX,20260423T000000,DTI59520000244,YCBD,20260423T042204.504,false,false,,,,A,false,,SS,1.08,1182,,LMT,GTX=20260423,ALL,RSV|DISQ=500|NH,true,4507231893011380508110193269430453798592,I,false,,,false,N,,,,,,,,,,,,,,","NEW,,20260423_N970_CLEARPROD_DTI59520000244,MENO,QNTX,20260423T000000,DTI59520000244,YCBD,20260423T042204.504,false,false,,,,A,false,,SS,1.08,1182,,LMT,GTX=20260423,ALL,RSV|DISQ=500|NH,true,4507231893011380508110193269430453798592,I,false,,,false,N,,,,,,,,,,,,,,"
"NEW,,20260423_R970_CLEARPROD_DTI59520000244,MEOR,QNTX,20260423T000000,DTI59520000244,YCBD,,20260423T042204.504,false,false,,126588:QNTX,168490:CPEM,F,DTI59520000244,,SS,1.08,1182,,LMT,GTX=20260423,ALL,false,NA,RAR,false,false,,false,,,,,,","NEW,,20260423_R970_CLEARPROD_DTI59520000244,MEOR,QNTX,20260423T000000,DTI59520000244,YCBD,,20260423T042204.504,false,false,,126588:QNTX,168490:CPEM,F,DTI59520000244,,SS,1.08,1182,,LMT,GTX=20260423,ALL,false,NA,RAR,false,false,,false,,,,,,","NEW,,20260423_R970_CLEARPROD_DTI59520000244,MEOR,QNTX,20260423T000000,DTI59520000244,YCBD,,20260423T042204.504,false,false,,126588:QNTX,168490:CPEM,F,DTI59520000244,,SS,1.08,1182,,LMT,GTX=20260423,ALL,false,NA,RAR,false,false,,false,,,,,,"
"NEW,,20260423_N1013_CLEARPROD_DTI59520000252,MENO,QNTX,20260423T000000,DTI59520000252,YCBD,20260423T042304.508,false,false,,,,A,false,,SS,1.08,1182,,LMT,GTX=20260423,ALL,RSV|DISQ=500|NH,true,4507231893011380508110193269430453798592,I,false,,,false,N,,,,,,,,,,,,,,","NEW,,20260423_N1013_CLEARPROD_DTI59520000252,MENO,QNTX,20260423T000000,DTI59520000252,YCBD,20260423T042304.508,false,false,,,,A,false,,SS,1.08,1182,,LMT,GTX=20260423,ALL,RSV|DISQ=500|NH,true,4507231893011380508110193269430453798592,I,false,,,false,N,,,,,,,,,,,,,,","NEW,,20260423_N1013_CLEARPROD_DTI59520000252,MENO,QNTX,20260423T000000,DTI59520000252,YCBD,20260423T042304.508,false,false,,,,A,false,,SS,1.08,1182,,LMT,GTX=20260423,ALL,RSV|DISQ=500|NH,true,4507231893011380508110193269430453798592,I,false,,,false,N,,,,,,,,,,,,,,"
"NEW,,20260423_R1013_CLEARPROD_DTI59520000252,MEOR,QNTX,20260423T000000,DTI59520000252,YCBD,,20260423T042304.508,false,false,,126588:QNTX,168490:CPEM,F,DTI59520000252,,SS,1.08,1182,,LMT,GTX=20260423,ALL,false,NA,RAR,false,false,,false,,,,,,","NEW,,20260423_R1013_CLEARPROD_DTI59520000252,MEOR,QNTX,20260423T000000,DTI59520000252,YCBD,,20260423T042304.508,false,false,,126588:QNTX,168490:CPEM,F,DTI59520000252,,SS,1.08,1182,,LMT,GTX=20260423,ALL,false,NA,RAR,false,false,,false,,,,,,","NEW,,20260423_R1013_CLEARPROD_DTI59520000252,MEOR,QNTX,20260423T000000,DTI59520000252,YCBD,,20260423T042304.508,false,false,,126588:QNTX,168490:CPEM,F,DTI59520000252,,SS,1.08,1182,,LMT,GTX=20260423,ALL,false,NA,RAR,false,false,,false,,,,,,"
"NEW,,20260423_N1615_CLEARPROD_DTI59520000537,MENO,QNTX,20260423T000000,DTI59520000537,PAPL,20260423T053024.534,false,false,,,,A,false,,SS,0.8764,1700,,LMT,GTX=20260423,ALL,RSV|DISQ=100|NH,true,4507231893011380508110193269430453798592,I,false,,,false,N,,,,,,,,,,,,,,","NEW,,20260423_N1615_CLEARPROD_DTI59520000537,MENO,QNTX,20260423T000000,DTI59520000537,PAPL,20260423T053024.534,false,false,,,,A,false,,SS,0.8764,1700,,LMT,GTX=20260423,ALL,RSV|DISQ=100|NH,true,4507231893011380508110193269430453798592,I,false,,,false,N,,,,,,,,,,,,,,","NEW,,20260423_N1615_CLEARPROD_DTI59520000537,MENO,QNTX,20260423T000000,DTI59520000537,PAPL,20260423T053024.534,false,false,,,,A,false,,SS,0.8764,1700,,LMT,GTX=20260423,ALL,RSV|DISQ=100|NH,true,4507231893011380508110193269430453798592,I,false,,,false,N,,,,,,,,,,,,,,"
"NEW,,20260423_R1615_CLEARPROD_DTI59520000537,MEOR,QNTX,20260423T000000,DTI59520000537,PAPL,,20260423T053024.534,false,false,,126588:QNTX,168490:CPEM,F,DTI59520000537,,SS,0.8764,1700,,LMT,GTX=20260423,ALL,false,NA,RAR,false,false,,false,,,,,,","NEW,,20260423_R1615_CLEARPROD_DTI59520000537,MEOR,QNTX,20260423T000000,DTI59520000537,PAPL,,20260423T053024.534,false,false,,126588:QNTX,168490:CPEM,F,DTI59520000537,,SS,0.8764,1700,,LMT,GTX=20260423,ALL,false,NA,RAR,false,false,,false,,,,,,","NEW,,20260423_R1615_CLEARPROD_DTI59520000537,MEOR,QNTX,20260423T000000,DTI59520000537,PAPL,,20260423T053024.534,false,false,,126588:QNTX,168490:CPEM,F,DTI59520000537,,SS,0.8764,1700,,LMT,GTX=20260423,ALL,false,NA,RAR,false,false,,false,,,,,,"
"NEW,,20260423_N1809_CLEARPROD_DTI59520000538,MENO,QNTX,20260423T000000,DTI59520000538,PAPL,20260423T053046.832,false,false,,,,A,false,,SS,0.8743,100,,LMT,GTX=20260423,ALL,NH,false,4507231893011380508110193269430453798592,I,false,,,false,N,,,,,,,,,,,,,,","NEW,,20260423_N1809_CLEARPROD_DTI59520000538,MENO,QNTX,20260423T000000,DTI59520000538,PAPL,20260423T053046.832,false,false,,,,A,false,,SS,0.8743,100,,LMT,GTX=20260423,ALL,NH,false,4507231893011380508110193269430453798592,I,false,,,false,N,,,,,,,,,,,,,,","NEW,,20260423_N1809_CLEARPROD_DTI59520000538,MENO,QNTX,20260423T000000,DTI59520000538,PAPL,20260423T053046.832,false,false,,,,A,false,,SS,0.8743,100,,LMT,GTX=20260423,ALL,NH,false,4507231893011380508110193269430453798592,I,false,,,false,N,,,,,,,,,,,,,,"
"NEW,,20260423_R1809_CLEARPROD_DTI59520000538,MEOR,QNTX,20260423T000000,DTI59520000538,PAPL,,20260423T053046.832,false,false,,126588:QNTX,168490:CPEM,F,DTI59520000538,,SS,0.8743,100,,LMT,GTX=20260423,ALL,false,NA,RAR,false,false,,false,,,,,,","NEW,,20260423_R1809_CLEARPROD_DTI59520000538,MEOR,QNTX,20260423T000000,DTI59520000538,PAPL,,20260423T053046.832,false,false,,126588:QNTX,168490:CPEM,F,DTI59520000538,,SS,0.8743,100,,LMT,GTX=20260423,ALL,false,NA,RAR,false,false,,false,,,,,,","NEW,,20260423_R1809_CLEARPROD_DTI59520000538,MEOR,QNTX,20260423T000000,DTI59520000538,PAPL,,20260423T053046.832,false,false,,126588:QNTX,168490:CPEM,F,DTI59520000538,,SS,0.8743,100,,LMT,GTX=20260423,ALL,false,NA,RAR,false,false,,false,,,,,,"
"NEW,,20260423_N2377_CLEARPROD_DTI59520000539,MENO,QNTX,20260423T000000,DTI59520000539,SST,20260423T053324.783,false,false,,,,A,false,,SS,3.11,100,,LMT,GTX=20260423,ALL,NH,false,4507231893011380508110193269430453798592,I,false,,,false,N,,,,,,,,,,,,,,","NEW,,20260423_N2377_CLEARPROD_DTI59520000539,MENO,QNTX,20260423T000000,DTI59520000539,SST,20260423T053324.783,false,false,,,,A,false,,SS,3.11,100,,LMT,GTX=20260423,ALL,NH,false,4507231893011380508110193269430453798592,I,false,,,false,N,,,,,,,,,,,,,,","NEW,,20260423_N2377_CLEARPROD_DTI59520000539,MENO,QNTX,20260423T000000,DTI59520000539,SST,20260423T053324.783,false,false,,,,A,false,,SS,3.11,100,,LMT,GTX=20260423,ALL,NH,false,4507231893011380508110193269430453798592,I,false,,,false,N,,,,,,,,,,,,,,"
"NEW,,20260423_R2377_CLEARPROD_DTI59520000539,MEOR,QNTX,20260423T000000,DTI59520000539,SST,,20260423T053324.783,false,false,,126588:QNTX,168490:CPEM,F,DTI59520000539,,SS,3.11,100,,LMT,GTX=20260423,ALL,false,NA,RAR,false,false,,false,,,,,,","NEW,,20260423_R2377_CLEARPROD_DTI59520000539,MEOR,QNTX,20260423T000000,DTI59520000539,SST,,20260423T053324.783,false,false,,126588:QNTX,168490:CPEM,F,DTI59520000539,,SS,3.11,100,,LMT,GTX=20260423,ALL,false,NA,RAR,false,false,,false,,,,,,","NEW,,20260423_R2377_CLEARPROD_DTI59520000539,MEOR,QNTX,20260423T000000,DTI59520000539,SST,,20260423T053324.783,false,false,,126588:QNTX,168490:CPEM,F,DTI59520000539,,SS,3.11,100,,LMT,GTX=20260423,ALL,false,NA,RAR,false,false,,false,,,,,,"
"NEW,,20260423_N2629_CLEARPROD_DTI59520000540,MENO,QNTX,20260423T000000,DTI59520000540,SST,20260423T053415.806,false,false,,,,A,false,,SS,3.11,100,,LMT,GTX=20260423,ALL,NH,false,4507231893011380508110193269430453798592,I,false,,,false,N,,,,,,,,,,,,,,","NEW,,20260423_N2629_CLEARPROD_DTI59520000540,MENO,QNTX,20260423T000000,DTI59520000540,SST,20260423T053415.806,false,false,,,,A,false,,SS,3.11,100,,LMT,GTX=20260423,ALL,NH,false,4507231893011380508110193269430453798592,I,false,,,false,N,,,,,,,,,,,,,,","NEW,,20260423_N2629_CLEARPROD_DTI59520000540,MENO,QNTX,20260423T000000,DTI59520000540,SST,20260423T053415.806,false,false,,,,A,false,,SS,3.11,100,,LMT,GTX=20260423,ALL,NH,false,4507231893011380508110193269430453798592,I,false,,,false,N,,,,,,,,,,,,,,"
"NEW,,20260423_R2629_CLEARPROD_DTI59520000540,MEOR,QNTX,20260423T000000,DTI59520000540,SST,,20260423T053415.806,false,false,,126588:QNTX,168490:CPEM,F,DTI59520000540,,SS,3.11,100,,LMT,GTX=20260423,ALL,false,NA,RAR,false,false,,false,,,,,,","NEW,,20260423_R2629_CLEARPROD_DTI59520000540,MEOR,QNTX,20260423T000000,DTI59520000540,SST,,20260423T053415.806,false,false,,126588:QNTX,168490:CPEM,F,DTI59520000540,,SS,3.11,100,,LMT,GTX=20260423,ALL,false,NA,RAR,false,false,,false,,,,,,","NEW,,20260423_R2629_CLEARPROD_DTI59520000540,MEOR,QNTX,20260423T000000,DTI59520000540,SST,,20260423T053415.806,false,false,,126588:QNTX,168490:CPEM,F,DTI59520000540,,SS,3.11,100,,LMT,GTX=20260423,ALL,false,NA,RAR,false,false,,false,,,,,,"
"NEW,,20260423_N2637_CLEARPROD_DTI59520000541,MENO,QNTX,20260423T000000,DTI59520000541,SST,20260423T053416.278,false,false,,,,A,false,,SS,3.11,100,,LMT,GTX=20260423,ALL,NH,false,4507231893011380508110193269430453798592,I,false,,,false,N,,,,,,,,,,,,,,","NEW,,20260423_N2637_CLEARPROD_DTI59520000541,MENO,QNTX,20260423T000000,DTI59520000541,SST,20260423T053416.278,false,false,,,,A,false,,SS,3.11,100,,LMT,GTX=20260423,ALL,NH,false,4507231893011380508110193269430453798592,I,false,,,false,N,,,,,,,,,,,,,,","NEW,,20260423_N2637_CLEARPROD_DTI59520000541,MENO,QNTX,20260423T000000,DTI59520000541,SST,20260423T053416.278,false,false,,,,A,false,,SS,3.11,100,,LMT,GTX=20260423,ALL,NH,false,4507231893011380508110193269430453798592,I,false,,,false,N,,,,,,,,,,,,,,"
"NEW,,20260423_R2637_CLEARPROD_DTI59520000541,MEOR,QNTX,20260423T000000,DTI59520000541,SST,,20260423T053416.278,false,false,,126588:QNTX,168490:CPEM,F,DTI59520000541,,SS,3.11,100,,LMT,GTX=20260423,ALL,false,NA,RAR,false,false,,false,,,,,,","NEW,,20260423_R2637_CLEARPROD_DTI59520000541,MEOR,QNTX,20260423T000000,DTI59520000541,SST,,20260423T053416.278,false,false,,126588:QNTX,168490:CPEM,F,DTI59520000541,,SS,3.11,100,,LMT,GTX=20260423,ALL,false,NA,RAR,false,false,,false,,,,,,","NEW,,20260423_R2637_CLEARPROD_DTI59520000541,MEOR,QNTX,20260423T000000,DTI59520000541,SST,,20260423T053416.278,false,false,,126588:QNTX,168490:CPEM,F,DTI59520000541,,SS,3.11,100,,LMT,GTX=20260423,ALL,false,NA,RAR,false,false,,false,,,,,,"
"NEW,,20260423_N2663_CLEARPROD_DTI59520000542,MENO,QNTX,20260423T000000,DTI59520000542,PAPL,20260423T053423.508,false,false,,,,A,false,,SS,0.8808,4100,,LMT,GTX=20260423,ALL,RSV|DISQ=100|NH,true,790304285023937385504165923011018369896,I,false,,,false,N,,,,,,,,,,,,,,","NEW,,20260423_N2663_CLEARPROD_DTI59520000542,MENO,QNTX,20260423T000000,DTI59520000542,PAPL,20260423T053423.508,false,false,,,,A,false,,SS,0.8808,4100,,LMT,GTX=20260423,ALL,RSV|DISQ=100|NH,true,790304285023937385504165923011018369896,I,false,,,false,N,,,,,,,,,,,,,,","NEW,,20260423_N2663_CLEARPROD_DTI59520000542,MENO,QNTX,20260423T000000,DTI59520000542,PAPL,20260423T053423.508,false,false,,,,A,false,,SS,0.8808,4100,,LMT,GTX=20260423,ALL,RSV|DISQ=100|NH,true,790304285023937385504165923011018369896,I,false,,,false,N,,,,,,,,,,,,,,"
"NEW,,20260423_R2663_CLEARPROD_DTI59520000542,MEOR,QNTX,20260423T000000,DTI59520000542,PAPL,,20260423T053423.508,false,false,,126588:QNTX,168490:CPEM,F,DTI59520000542,,SS,0.8808,4100,,LMT,GTX=20260423,ALL,false,NA,RAR,false,false,,false,,,,,,","NEW,,20260423_R2663_CLEARPROD_DTI59520000542,MEOR,QNTX,20260423T000000,DTI59520000542,PAPL,,20260423T053423.508,false,false,,126588:QNTX,168490:CPEM,F,DTI59520000542,,SS,0.8808,4100,,LMT,GTX=20260423,ALL,false,NA,RAR,false,false,,false,,,,,,","NEW,,20260423_R2663_CLEARPROD_DTI59520000542,MEOR,QNTX,20260423T000000,DTI59520000542,PAPL,,20260423T053423.508,false,false,,126588:QNTX,168490:CPEM,F,DTI59520000542,,SS,0.8808,4100,,LMT,GTX=20260423,ALL,false,NA,RAR,false,false,,false,,,,,,"
"NEW,,20260423_N2701_CLEARPROD_DTI59520000543,MENO,QNTX,20260423T000000,DTI59520000543,SST,20260423T053426.518,false,false,,,,A,false,,SS,3.11,100,,LMT,GTX=20260423,ALL,NH,false,4507231893011380508110193269430453798592,I,false,,,false,N,,,,,,,,,,,,,,","NEW,,20260423_N2701_CLEARPROD_DTI59520000543,MENO,QNTX,20260423T000000,DTI59520000543,SST,20260423T053426.518,false,false,,,,A,false,,SS,3.11,100,,LMT,GTX=20260423,ALL,NH,false,4507231893011380508110193269430453798592,I,false,,,false,N,,,,,,,,,,,,,,","NEW,,20260423_N2701_CLEARPROD_DTI59520000543,MENO,QNTX,20260423T000000,DTI59520000543,SST,20260423T053426.518,false,false,,,,A,false,,SS,3.11,100,,LMT,GTX=20260423,ALL,NH,false,4507231893011380508110193269430453798592,I,false,,,false,N,,,,,,,,,,,,,,"
"NEW,,20260423_R2701_CLEARPROD_DTI59520000543,MEOR,QNTX,20260423T000000,DTI59520000543,SST,,20260423T053426.518,false,false,,126588:QNTX,168490:CPEM,F,DTI59520000543,,SS,3.11,100,,LMT,GTX=20260423,ALL,false,NA,RAR,false,false,,false,,,,,,","NEW,,20260423_R2701_CLEARPROD_DTI59520000543,MEOR,QNTX,20260423T000000,DTI59520000543,SST,,20260423T053426.518,false,false,,126588:QNTX,168490:CPEM,F,DTI59520000543,,SS,3.11,100,,LMT,GTX=20260423,ALL,false,NA,RAR,false,false,,false,,,,,,","NEW,,20260423_R2701_CLEARPROD_DTI59520000543,MEOR,QNTX,20260423T000000,DTI59520000543,SST,,20260423T053426.518,false,false,,126588:QNTX,168490:CPEM,F,DTI59520000543,,SS,3.11,100,,LMT,GTX=20260423,ALL,false,NA,RAR,false,false,,false,,,,,,"
"NEW,,20260423_N2775_CLEARPROD_DTI59520000544,MENO,QNTX,20260423T000000,DTI59520000544,SST,20260423T053434.418,false,false,,,,A,false,,SS,3.11,100,,LMT,GTX=20260423,ALL,NH,false,4507231893011380508110193269430453798592,I,false,,,false,N,,,,,,,,,,,,,,","NEW,,20260423_N2775_CLEARPROD_DTI59520000544,MENO,QNTX,20260423T000000,DTI59520000544,SST,20260423T053434.418,false,false,,,,A,false,,SS,3.11,100,,LMT,GTX=20260423,ALL,NH,false,4507231893011380508110193269430453798592,I,false,,,false,N,,,,,,,,,,,,,,","NEW,,20260423_N2775_CLEARPROD_DTI59520000544,MENO,QNTX,20260423T000000,DTI59520000544,SST,20260423T053434.418,false,false,,,,A,false,,SS,3.11,100,,LMT,GTX=20260423,ALL,NH,false,4507231893011380508110193269430453798592,I,false,,,false,N,,,,,,,,,,,,,,"
"NEW,,20260423_R2775_CLEARPROD_DTI59520000544,MEOR,QNTX,20260423T000000,DTI59520000544,SST,,20260423T053434.418,false,false,,126588:QNTX,168490:CPEM,F,DTI59520000544,,SS,3.11,100,,LMT,GTX=20260423,ALL,false,NA,RAR,false,false,,false,,,,,,","NEW,,20260423_R2775_CLEARPROD_DTI59520000544,MEOR,QNTX,20260423T000000,DTI59520000544,SST,,20260423T053434.418,false,false,,126588:QNTX,168490:CPEM,F,DTI59520000544,,SS,3.11,100,,LMT,GTX=20260423,ALL,false,NA,RAR,false,false,,false,,,,,,","NEW,,20260423_R2775_CLEARPROD_DTI59520000544,MEOR,QNTX,20260423T000000,DTI59520000544,SST,,20260423T053434.418,false,false,,126588:QNTX,168490:CPEM,F,DTI59520000544,,SS,3.11,100,,LMT,GTX=20260423,ALL,false,NA,RAR,false,false,,false,,,,,,"
"NEW,,20260423_N2860_CLEARPROD_DTI59520000545,MENO,QNTX,20260423T000000,DTI59520000545,PAPL,20260423T053455.641,false,false,,,,A,false,,SS,0.8763,4100,,LMT,GTX=20260423,ALL,RSV|DISQ=100|NH,true,790304285023937385504165923011018369896,I,false,,,false,N,,,,,,,,,,,,,,","NEW,,20260423_N2860_CLEARPROD_DTI59520000545,MENO,QNTX,20260423T000000,DTI59520000545,PAPL,20260423T053455.641,false,false,,,,A,false,,SS,0.8763,4100,,LMT,GTX=20260423,ALL,RSV|DISQ=100|NH,true,790304285023937385504165923011018369896,I,false,,,false,N,,,,,,,,,,,,,,","NEW,,20260423_N2860_CLEARPROD_DTI59520000545,MENO,QNTX,20260423T000000,DTI59520000545,PAPL,20260423T053455.641,false,false,,,,A,false,,SS,0.8763,4100,,LMT,GTX=20260423,ALL,RSV|DISQ=100|NH,true,790304285023937385504165923011018369896,I,false,,,false,N,,,,,,,,,,,,,,"
"NEW,,20260423_R2860_CLEARPROD_DTI59520000545,MEOR,QNTX,20260423T000000,DTI59520000545,PAPL,,20260423T053455.641,false,false,,126588:QNTX,168490:CPEM,F,DTI59520000545,,SS,0.8763,4100,,LMT,GTX=20260423,ALL,false,NA,RAR,false,false,,false,,,,,,","NEW,,20260423_R2860_CLEARPROD_DTI59520000545,MEOR,QNTX,20260423T000000,DTI59520000545,PAPL,,20260423T053455.641,false,false,,126588:QNTX,168490:CPEM,F,DTI59520000545,,SS,0.8763,4100,,LMT,GTX=20260423,ALL,false,NA,RAR,false,false,,false,,,,,,","NEW,,20260423_R2860_CLEARPROD_DTI59520000545,MEOR,QNTX,20260423T000000,DTI59520000545,PAPL,,20260423T053455.641,false,false,,126588:QNTX,168490:CPEM,F,DTI59520000545,,SS,0.8763,4100,,LMT,GTX=20260423,ALL,false,NA,RAR,false,false,,false,,,,,,"
"NEW,,20260423_N2913_CLEARPROD_DTI59520000546,MENO,QNTX,20260423T000000,DTI59520000546,PAPL,20260423T053521.846,false,false,,,,A,false,,SS,0.873,100,,LMT,GTX=20260423,ALL,NH,false,790304285023937385504165923011018369896,I,false,,,false,N,,,,,,,,,,,,,,","NEW,,20260423_N2913_CLEARPROD_DTI59520000546,MENO,QNTX,20260423T000000,DTI59520000546,PAPL,20260423T053521.846,false,false,,,,A,false,,SS,0.873,100,,LMT,GTX=20260423,ALL,NH,false,790304285023937385504165923011018369896,I,false,,,false,N,,,,,,,,,,,,,,","NEW,,20260423_N2913_CLEARPROD_DTI59520000546,MENO,QNTX,20260423T000000,DTI59520000546,PAPL,20260423T053521.846,false,false,,,,A,false,,SS,0.873,100,,LMT,GTX=20260423,ALL,NH,false,790304285023937385504165923011018369896,I,false,,,false,N,,,,,,,,,,,,,,"
"NEW,,20260423_R2913_CLEARPROD_DTI59520000546,MEOR,QNTX,20260423T000000,DTI59520000546,PAPL,,20260423T053521.846,false,false,,126588:QNTX,168490:CPEM,F,DTI59520000546,,SS,0.873,100,,LMT,GTX=20260423,ALL,false,NA,RAR,false,false,,false,,,,,,","NEW,,20260423_R2913_CLEARPROD_DTI59520000546,MEOR,QNTX,20260423T000000,DTI59520000546,PAPL,,20260423T053521.846,false,false,,126588:QNTX,168490:CPEM,F,DTI59520000546,,SS,0.873,100,,LMT,GTX=20260423,ALL,false,NA,RAR,false,false,,false,,,,,,","NEW,,20260423_R2913_CLEARPROD_DTI59520000546,MEOR,QNTX,20260423T000000,DTI59520000546,PAPL,,20260423T053521.846,false,false,,126588:QNTX,168490:CPEM,F,DTI59520000546,,SS,0.873,100,,LMT,GTX=20260423,ALL,false,NA,RAR,false,false,,false,,,,,,"
"NEW,,20260423_N2919_CLEARPROD_DTI59520000547,MENO,QNTX,20260423T000000,DTI59520000547,PAPL,20260423T053523.509,false,false,,,,A,false,,SS,0.8797,600,,LMT,GTX=20260423,ALL,RSV|DISQ=100|NH,true,790304285023937385504165923011018369896,I,false,,,false,N,,,,,,,,,,,,,,","NEW,,20260423_N2919_CLEARPROD_DTI59520000547,MENO,QNTX,20260423T000000,DTI59520000547,PAPL,20260423T053523.509,false,false,,,,A,false,,SS,0.8797,600,,LMT,GTX=20260423,ALL,RSV|DISQ=100|NH,true,790304285023937385504165923011018369896,I,false,,,false,N,,,,,,,,,,,,,,","NEW,,20260423_N2919_CLEARPROD_DTI59520000547,MENO,QNTX,20260423T000000,DTI59520000547,PAPL,20260423T053523.509,false,false,,,,A,false,,SS,0.8797,600,,LMT,GTX=20260423,ALL,RSV|DISQ=100|NH,true,790304285023937385504165923011018369896,I,false,,,false,N,,,,,,,,,,,,,,"
"NEW,,20260423_R2919_CLEARPROD_DTI59520000547,MEOR,QNTX,20260423T000000,DTI59520000547,PAPL,,20260423T053523.509,false,false,,126588:QNTX,168490:CPEM,F,DTI59520000547,,SS,0.8797,600,,LMT,GTX=20260423,ALL,false,NA,RAR,false,false,,false,,,,,,","NEW,,20260423_R2919_CLEARPROD_DTI59520000547,MEOR,QNTX,20260423T000000,DTI59520000547,PAPL,,20260423T053523.509,false,false,,126588:QNTX,168490:CPEM,F,DTI59520000547,,SS,0.8797,600,,LMT,GTX=20260423,ALL,false,NA,RAR,false,false,,false,,,,,,","NEW,,20260423_R2919_CLEARPROD_DTI59520000547,MEOR,QNTX,20260423T000000,DTI59520000547,PAPL,,20260423T053523.509,false,false,,126588:QNTX,168490:CPEM,F,DTI59520000547,,SS,0.8797,600,,LMT,GTX=20260423,ALL,false,NA,RAR,false,false,,false,,,,,,"
"NEW,,20260423_N2943_CLEARPROD_DTI59520000548,MENO,QNTX,20260423T000000,DTI59520000548,PAPL,20260423T053529.247,false,false,,,,A,false,,SS,0.8808,800,,LMT,GTX=20260423,ALL,RSV|DISQ=100|NH,true,9500427853129603369502021851180381780351,I,false,,,false,N,,,,,,,,,,,,,,","NEW,,20260423_N2943_CLEARPROD_DTI59520000548,MENO,QNTX,20260423T000000,DTI59520000548,PAPL,20260423T053529.247,false,false,,,,A,false,,SS,0.8808,800,,LMT,GTX=20260423,ALL,RSV|DISQ=100|NH,true,9500427853129603369502021851180381780351,I,false,,,false,N,,,,,,,,,,,,,,","NEW,,20260423_N2943_CLEARPROD_DTI59520000548,MENO,QNTX,20260423T000000,DTI59520000548,PAPL,20260423T053529.247,false,false,,,,A,false,,SS,0.8808,800,,LMT,GTX=20260423,ALL,RSV|DISQ=100|NH,true,9500427853129603369502021851180381780351,I,false,,,false,N,,,,,,,,,,,,,,"
"NEW,,20260423_R2943_CLEARPROD_DTI59520000548,MEOR,QNTX,20260423T000000,DTI59520000548,PAPL,,20260423T053529.247,false,false,,126588:QNTX,168490:CPEM,F,DTI59520000548,,SS,0.8808,800,,LMT,GTX=20260423,ALL,false,NA,RAR,false,false,,false,,,,,,","NEW,,20260423_R2943_CLEARPROD_DTI59520000548,MEOR,QNTX,20260423T000000,DTI59520000548,PAPL,,20260423T053529.247,false,false,,126588:QNTX,168490:CPEM,F,DTI59520000548,,SS,0.8808,800,,LMT,GTX=20260423,ALL,false,NA,RAR,false,false,,false,,,,,,","NEW,,20260423_R2943_CLEARPROD_DTI59520000548,MEOR,QNTX,20260423T000000,DTI59520000548,PAPL,,20260423T053529.247,false,false,,126588:QNTX,168490:CPEM,F,DTI59520000548,,SS,0.8808,800,,LMT,GTX=20260423,ALL,false,NA,RAR,false,false,,false,,,,,,"
"NEW,,20260423_N3008_CLEARPROD_DTI59520000549,MENO,QNTX,20260423T000000,DTI59520000549,TRT,20260423T053633.104,false,false,,,,A,false,,SS,9.98,100,,LMT,GTX=20260423,ALL,NH,false,4507231893011380508110193269430453798592,I,false,,,false,N,,,,,,,,,,,,,,","NEW,,20260423_N3008_CLEARPROD_DTI59520000549,MENO,QNTX,20260423T000000,DTI59520000549,TRT,20260423T053633.104,false,false,,,,A,false,,SS,9.98,100,,LMT,GTX=20260423,ALL,NH,false,4507231893011380508110193269430453798592,I,false,,,false,N,,,,,,,,,,,,,,","NEW,,20260423_N3008_CLEARPROD_DTI59520000549,MENO,QNTX,20260423T000000,DTI59520000549,TRT,20260423T053633.104,false,false,,,,A,false,,SS,9.98,100,,LMT,GTX=20260423,ALL,NH,false,4507231893011380508110193269430453798592,I,false,,,false,N,,,,,,,,,,,,,,"
"NEW,,20260423_R3008_CLEARPROD_DTI59520000549,MEOR,QNTX,20260423T000000,DTI59520000549,TRT,,20260423T053633.104,false,false,,126588:QNTX,168490:CPEM,F,DTI59520000549,,SS,9.98,100,,LMT,GTX=20260423,ALL,false,NA,RAR,false,false,,false,,,,,,","NEW,,20260423_R3008_CLEARPROD_DTI59520000549,MEOR,QNTX,20260423T000000,DTI59520000549,TRT,,20260423T053633.104,false,false,,126588:QNTX,168490:CPEM,F,DTI59520000549,,SS,9.98,100,,LMT,GTX=20260423,ALL,false,NA,RAR,false,false,,false,,,,,,","NEW,,20260423_R3008_CLEARPROD_DTI59520000549,MEOR,QNTX,20260423T000000,DTI59520000549,TRT,,20260423T053633.104,false,false,,126588:QNTX,168490:CPEM,F,DTI59520000549,,SS,9.98,100,,LMT,GTX=20260423,ALL,false,NA,RAR,false,false,,false,,,,,,"
"NEW,,20260423_N3032_CLEARPROD_DTI59520000550,MENO,QNTX,20260423T000000,DTI59520000550,SST,20260423T053648.779,false,false,,,,A,false,,SS,3.11,400,,LMT,GTX=20260423,ALL,RSV|DISQ=100|NH,true,790304285023937385504165923011018369896,I,false,,,false,N,,,,,,,,,,,,,,","NEW,,20260423_N3032_CLEARPROD_DTI59520000550,MENO,QNTX,20260423T000000,DTI59520000550,SST,20260423T053648.779,false,false,,,,A,false,,SS,3.11,400,,LMT,GTX=20260423,ALL,RSV|DISQ=100|NH,true,790304285023937385504165923011018369896,I,false,,,false,N,,,,,,,,,,,,,,","NEW,,20260423_N3032_CLEARPROD_DTI59520000550,MENO,QNTX,20260423T000000,DTI59520000550,SST,20260423T053648.779,false,false,,,,A,false,,SS,3.11,400,,LMT,GTX=20260423,ALL,RSV|DISQ=100|NH,true,790304285023937385504165923011018369896,I,false,,,false,N,,,,,,,,,,,,,,"
"NEW,,20260423_R3032_CLEARPROD_DTI59520000550,MEOR,QNTX,20260423T000000,DTI59520000550,SST,,20260423T053648.779,false,false,,126588:QNTX,168490:CPEM,F,DTI59520000550,,SS,3.11,400,,LMT,GTX=20260423,ALL,false,NA,RAR,false,false,,false,,,,,,","NEW,,20260423_R3032_CLEARPROD_DTI59520000550,MEOR,QNTX,20260423T000000,DTI59520000550,SST,,20260423T053648.779,false,false,,126588:QNTX,168490:CPEM,F,DTI59520000550,,SS,3.11,400,,LMT,GTX=20260423,ALL,false,NA,RAR,false,false,,false,,,,,,","NEW,,20260423_R3032_CLEARPROD_DTI59520000550,MEOR,QNTX,20260423T000000,DTI59520000550,SST,,20260423T053648.779,false,false,,126588:QNTX,168490:CPEM,F,DTI59520000550,,SS,3.11,400,,LMT,GTX=20260423,ALL,false,NA,RAR,false,false,,false,,,,,,"
"NEW,,20260423_C3048_CLEARPROD_DTI59520000551,MEOC,QNTX,20260423T000000,DTI59520000550,SST,,20260423T053653.778,false,,400,0,C,,,,","NEW,,20260423_C3048_CLEARPROD_DTI59520000551,MEOC,QNTX,20260423T000000,DTI59520000550,SST,,20260423T053653.778,false,,400,0,C,,,,","NEW,,20260423_C3048_CLEARPROD_DTI59520000551,MEOC,QNTX,20260423T000000,DTI59520000550,SST,,20260423T053653.778,false,,400,0,C,,,,"
"NEW,,20260423_N3079_CLEARPROD_DTI59520000552,MENO,QNTX,20260423T000000,DTI59520000552,TRT,20260423T053702.100,false,false,,,,A,false,,SS,9.98,100,,LMT,GTX=20260423,ALL,NH,false,4507231893011380508110193269430453798592,I,false,,,false,N,,,,,,,,,,,,,,","NEW,,20260423_N3079_CLEARPROD_DTI59520000552,MENO,QNTX,20260423T000000,DTI59520000552,TRT,20260423T053702.100,false,false,,,,A,false,,SS,9.98,100,,LMT,GTX=20260423,ALL,NH,false,4507231893011380508110193269430453798592,I,false,,,false,N,,,,,,,,,,,,,,","NEW,,20260423_N3079_CLEARPROD_DTI59520000552,MENO,QNTX,20260423T000000,DTI59520000552,TRT,20260423T053702.100,false,false,,,,A,false,,SS,9.98,100,,LMT,GTX=20260423,ALL,NH,false,4507231893011380508110193269430453798592,I,false,,,false,N,,,,,,,,,,,,,,"
"NEW,,20260423_R3079_CLEARPROD_DTI59520000552,MEOR,QNTX,20260423T000000,DTI59520000552,TRT,,20260423T053702.100,false,false,,126588:QNTX,168490:CPEM,F,DTI59520000552,,SS,9.98,100,,LMT,GTX=20260423,ALL,false,NA,RAR,false,false,,false,,,,,,","NEW,,20260423_R3079_CLEARPROD_DTI59520000552,MEOR,QNTX,20260423T000000,DTI59520000552,TRT,,20260423T053702.100,false,false,,126588:QNTX,168490:CPEM,F,DTI59520000552,,SS,9.98,100,,LMT,GTX=20260423,ALL,false,NA,RAR,false,false,,false,,,,,,","NEW,,20260423_R3079_CLEARPROD_DTI59520000552,MEOR,QNTX,20260423T000000,DTI59520000552,TRT,,20260423T053702.100,false,false,,126588:QNTX,168490:CPEM,F,DTI59520000552,,SS,9.98,100,,LMT,GTX=20260423,ALL,false,NA,RAR,false,false,,false,,,,,,"
"NEW,,20260423_N3567_CLEARPROD_DTI59520000561,MENO,QNTX,20260423T000000,DTI59520000561,SST,20260423T054035.786,false,false,,,,A,false,,SS,3.11,100,,LMT,GTX=20260423,ALL,NH,false,790304285023937385504165923011018369896,I,false,,,false,N,,,,,,,,,,,,,,","NEW,,20260423_N3567_CLEARPROD_DTI59520000561,MENO,QNTX,20260423T000000,DTI59520000561,SST,20260423T054035.786,false,false,,,,A,false,,SS,3.11,100,,LMT,GTX=20260423,ALL,NH,false,790304285023937385504165923011018369896,I,false,,,false,N,,,,,,,,,,,,,,","NEW,,20260423_N3567_CLEARPROD_DTI59520000561,MENO,QNTX,20260423T000000,DTI59520000561,SST,20260423T054035.786,false,false,,,,A,false,,SS,3.11,100,,LMT,GTX=20260423,ALL,NH,false,790304285023937385504165923011018369896,I,false,,,false,N,,,,,,,,,,,,,,"
